<?xml version="1.0" encoding="UTF-8"?>

<beans xmlns="http://www.springframework.org/schema/beans"  
    xmlns:xsi="http://www.w3.org/2001/XMLSchema-instance"  
    xmlns:mvc="http://www.springframework.org/schema/mvc"  
    xmlns:aop="http://www.springframework.org/schema/aop"  
    xmlns:tx="http://www.springframework.org/schema/tx"  
    xmlns:context="http://www.springframework.org/schema/context"
    xsi:schemaLocation="http://www.springframework.org/schema/beans 
		http://www.springframework.org/schema/beans/spring-beans-3.2.xsd  
		http://www.springframework.org/schema/context
		http://www.springframework.org/schema/context/spring-context.xsd 
		http://www.springframework.org/schema/aop 
		http://www.springframework.org/schema/aop/spring-aop-3.2.xsd   
		http://www.springframework.org/schema/mvc 
		http://www.springframework.org/schema/mvc/spring-mvc-3.2.xsd
		http://www.springframework.org/schema/tx 
		http://www.springframework.org/schema/tx/spring-tx-3.2.xsd"> 
	
	<bean class="org.springframework.beans.factory.annotation.AutowiredAnnotationBeanPostProcessor"/>
	<context:component-scan base-package="com.ivorytower.app.action" ></context:component-scan> 
	<context:component-scan base-package="com.ivorytower.app.dao.impl" ></context:component-scan> 
	<context:component-scan base-package="com.ivorytower.app.service.impl" ></context:component-scan> 
	
	<!-- 默认的注解映射的支持 -->  
    <bean class="org.springframework.web.servlet.mvc.annotation.DefaultAnnotationHandlerMapping" />
    <bean class="org.springframework.web.servlet.mvc.annotation.AnnotationMethodHandlerAdapter">
    	<property name="messageConverters">  
  			<list>  
   				<bean id="mappingJacksonHttpMessageConverter" class="org.springframework.http.converter.json.MappingJacksonHttpMessageConverter">
					<property name="supportedMediaTypes">
						<list>
							<value>text/html;charset=UTF-8</value>
						</list>
					</property>
				</bean>
  			</list> 
  		</property>
    </bean>
	

	<!-- <bean id="viewResolver"
		class="org.springframework.web.servlet.view.InternalResourceViewResolver">
		<property name="prefix" value="/WEB-INF/" />
		<property name="suffix" value=".jsp" />
		<property name="viewClass"
			value="org.springframework.web.servlet.view.JstlView" />
	</bean> -->
	
    <bean id="multipartResolver" class="org.springframework.web.multipart.commons.CommonsMultipartResolver">
    	<property name="defaultEncoding" value="UTF-8"/>   
        <property name="maxUploadSize" value="90000000"/>  
        <property name="maxInMemorySize">  
            <value>4096</value>  
        </property>
    </bean>  
    
    <bean class="org.springframework.web.servlet.handler.SimpleMappingExceptionResolver">  
	    <!-- 定义默认的异常处理页面，当该异常类型的注册时使用 -->  
	    <property name="defaultErrorView" value="error"></property>  
	    <!-- 定义异常处理页面用来获取异常信息的变量名，默认名为exception -->  
	    <property name="exceptionAttribute" value="ex"></property>  
	    <!-- 定义需要特殊处理的异常，用类名或完全路径名作为key，异常也页名作为值 -->  
	    <property name="exceptionMappings">  
	        <props>  
	        </props>  
	    </property>  
	</bean>  
    
      
    <!-- <bean id="exceptionResolver" class="org.springframework.web.servlet.handler.SimpleMappingExceptionResolver">  
        <property name="exceptionMappings">  
            <props>  
                <prop key="org.springframework.web.multipart.MaxUploadSizeExceededException">error_fileupload</prop>  
            </props>  
        </property>  
    </bean> --> 
	
	
	<!-- 拦截器 -->  
    <!-- <mvc:interceptors>  
    	<bean class="com.core.mvc.MyInteceptor" />  
	</mvc:interceptors>   --> 
	
	<!-- <mvc:interceptors>
		<mvc:interceptor>
			<mvc:mapping path="/terminal/*" /> 
			<bean class="cn.com.enho.comm.interceptor.AuthInterceptor"></bean>
		</mvc:interceptor>
	</mvc:interceptors> --> 
	
	
	<!-- <bean id="methodNameResolver" class="org.springframework.web.servlet.mvc.multiaction.ParameterMethodNameResolver"> 
	    <property name="paramName">   
	         <value>method</value>        
	    </property>       
	</bean>   -->

	<mvc:default-servlet-handler/>  
	<!-- 静态资源映射 -->  
	<!-- <mvc:resources mapping="/images/**" location="/WEB-INF/imgs/" />  
	<mvc:resources mapping="/css/**" location="/WEB-INF/css/" />  
	<mvc:resources mapping="/js/**" location="/WEB-INF/js/" />  -->
</beans>
