<?xml version="1.0" encoding="UTF-8"?>

<beans xmlns="http://www.springframework.org/schema/beans"  
    xmlns:xsi="http://www.w3.org/2001/XMLSchema-instance"  
    xmlns:mvc="http://www.springframework.org/schema/mvc"  
    xmlns:aop="http://www.springframework.org/schema/aop"  
    xmlns:tx="http://www.springframework.org/schema/tx"  
    xmlns:context="http://www.springframework.org/schema/context"
    xsi:schemaLocation="http://www.springframework.org/schema/beans 
		http://www.springframework.org/schema/beans/spring-beans-3.2.xsd  
		http://www.springframework.org/schema/context
		http://www.springframework.org/schema/context/spring-context.xsd 
		http://www.springframework.org/schema/aop 
		http://www.springframework.org/schema/aop/spring-aop-3.2.xsd   
		http://www.springframework.org/schema/mvc 
		http://www.springframework.org/schema/mvc/spring-mvc-3.2.xsd
		http://www.springframework.org/schema/tx 
		http://www.springframework.org/schema/tx/spring-tx-3.2.xsd"> 

	<!-- <bean name="quartzScheduler" class="org.springframework.scheduling.quartz.SchedulerFactoryBean"> 
		<property name="dataSource">  
			<ref bean="dataSource" />  
		</property> 
		<property name="applicationContextSchedulerContextKey"  value="applicationContextKey" /> 
		<property name="configLocation" value="classpath:quartz.properties"/> 
		<property name="schedulerContextAsMap">  
            <map>  
                spring 管理的service需要放到这里，才能够注入成功  
                <description>schedulerContextAsMap</description>  
                <entry key="pushService" value-ref="pushService"/>  
                <entry key="checkService" value-ref="checkService"/>  
            </map>  
        </property> 
	</bean> 
	<bean id="pushJobDetail" class="org.springframework.scheduling.quartz.JobDetailBean"> 
		<property name="jobClass"> 
			<value>cn.com.enho.comm.scheduler.PushJob</value> 
		</property> 
	</bean>
	<bean id="checkJobDetail" class="org.springframework.scheduling.quartz.JobDetailBean"> 
		<property name="jobClass"> 
			<value>cn.com.enho.comm.scheduler.StatusCheckJob</value> 
		</property> 
	</bean>
	
	线程池
	<bean id="threadPoolTaskExecutor" class="org.springframework.scheduling.concurrent.ThreadPoolTaskExecutor">
		<property name="corePoolSize" value="2" />
		<property name="keepAliveSeconds" value="200" />
		<property name="maxPoolSize" value="10" />
		<property name="queueCapacity" value="60" />
	</bean> -->
</beans>
