<?xml version="1.0" encoding="UTF-8"?>

<beans xmlns="http://www.springframework.org/schema/beans"  
    xmlns:xsi="http://www.w3.org/2001/XMLSchema-instance"  
    xmlns:mvc="http://www.springframework.org/schema/mvc"  
    xmlns:aop="http://www.springframework.org/schema/aop"  
    xmlns:tx="http://www.springframework.org/schema/tx"  
    xmlns:context="http://www.springframework.org/schema/context"
    xsi:schemaLocation="http://www.springframework.org/schema/beans 
		http://www.springframework.org/schema/beans/spring-beans-3.2.xsd  
		http://www.springframework.org/schema/context
		http://www.springframework.org/schema/context/spring-context.xsd 
		http://www.springframework.org/schema/aop 
		http://www.springframework.org/schema/aop/spring-aop-3.2.xsd   
		http://www.springframework.org/schema/mvc 
		http://www.springframework.org/schema/mvc/spring-mvc-3.2.xsd
		http://www.springframework.org/schema/tx 
		http://www.springframework.org/schema/tx/spring-tx-3.2.xsd"> 

	<!-- 配置数据源 -->
	<bean id="dataSource"
		class="com.mchange.v2.c3p0.ComboPooledDataSource" destroy-method="close">
		<property name="driverClass">
			<value>${driverClass}</value>
		</property>
		<property name="jdbcUrl">
			<value>${jdbcUrl}
			</value>
		</property>
		<property name="user">
			<value>${user}</value>
		</property>
		<property name="password">
			<value>${password}</value>
		</property>
		<property name="minPoolSize">
			<value>${minPoolSize}</value>
		</property>
		<property name="maxPoolSize">
			<value>${maxPoolSize}</value>
		</property>
		<property name="initialPoolSize">
			<value>${initialPoolSize}</value>
		</property>
		<property name="maxIdleTime">
			<value>${maxIdleTime}</value>
		</property>
		<property name="acquireIncrement">
			<value>${acquireIncrement}</value>
		</property>
	</bean>

	<bean id="propertyConfigurer"
		class="org.springframework.beans.factory.config.PropertyPlaceholderConfigurer">
		<property name="locations">
			<list>
				<value>/WEB-INF/hibernate.properties</value>
			</list>
		</property>
	</bean>

	<!-- 配置hibernate SessionFactory -->
	<bean id="sessionFactory"
		class="org.springframework.orm.hibernate4.LocalSessionFactoryBean">
		<property name="dataSource">
			<ref local="dataSource" />
		</property>
		<!-- 配置hibernate属性 -->
		<property name="hibernateProperties">
			<props>
				<prop key="hibernate.dialect">${hibernate.dialect}</prop>
				<prop key="hibernate.show_sql">${hibernate.show_sql}</prop>
				<prop key="hibernate.format_sql">${hibernate.format_sql}</prop>
				<prop key="hibernate.cache.use_query_cache">${hibernate.cache.use_query_cache}</prop>
				<prop key="hibernate.cache.use_second_level_cache">${hibernate.cache.use_second_level_cache}</prop>
				<prop key="hibernate.cache.region.factory_class">${hibernate.cache.region.factory_class}</prop>
				<prop key="net.sf.ehcache.configurationResourceName">${net.sf.ehcache.configurationResourceName}</prop>
			</props>
		</property>
		<property name="packagesToScan"> 
              <list> 
                   <value>com.ivorytower.app.entity</value> 
              </list> 
        </property>
	</bean>
    
	<!-- 配置事务代理 -->
	<aop:config expose-proxy="true">
        <aop:pointcut id="interceptorPointCuts"
            expression="execution(* com.ivorytower.app.service..*.*(..))" />
        <aop:advisor advice-ref="txAdvice"
            pointcut-ref="interceptorPointCuts" />       
    </aop:config>
	
	
	<tx:advice id="txAdvice" transaction-manager="transactionManager">
        <tx:attributes>
        	<tx:method name="add*" propagation="REQUIRED" />
			<tx:method name="insert*" propagation="REQUIRED" />
			<tx:method name="save*" propagation="REQUIRED" />
			<tx:method name="delete*" propagation="REQUIRED" />
			<tx:method name="remove*" propagation="REQUIRED" />
			<tx:method name="update*" propagation="REQUIRED" />
			<tx:method name="get*" read-only="true" />
	        <tx:method name="*" /> 
        </tx:attributes>
    </tx:advice>
    
	<!-- 定义事务管理器 -->
	<bean id="transactionManager"
		class="org.springframework.orm.hibernate4.HibernateTransactionManager">
		<property name="sessionFactory" ref="sessionFactory" />
	</bean>

</beans>
